model,arm,RPS_cv_mean,RPS_cv_std,RPS_test,logloss_test,Brier_test,acc_test,ECE_test
TabPFN,foundation,,,0.15992005650011473,0.8297962959222297,0.4871244174998695,0.6137404580152672,0.021061779479034076
CatBoost,A,0.1727237024804553,0.009754805835473111,0.16087744396385623,0.8411573022640677,0.4917291718522,0.6206106870229008,0.021772763554819587
LogReg,A,0.17317536320454097,0.010596377896163599,0.16126580364757373,0.838766377425425,0.4922651833152215,0.6114503816793894,0.02072906882265615
XGBoostPoisson,B,0.1737973402843998,0.00987877964354232,0.16247347162845635,0.8394680113608071,0.4918978059140209,0.6152671755725191,0.017415327349462197
CatBoostPoisson,B,0.17300003545113565,0.008838270732354265,0.16288688034889612,0.8427252914238972,0.49351782075459316,0.6137404580152672,0.02595210636355885
RandomForest,A,0.1745776055165694,0.009239321150598927,0.16362888597328246,0.8529433524804979,0.4995428339694657,0.5984732824427481,0.04620229007633584
XGBoost,A,0.1770043658868104,0.010078034818717344,0.1649745646361449,0.8682838235892179,0.5051371687831241,0.6045801526717557,0.025940782696236172
PoissonGLM,B,0.17508191057978922,0.007866373942052857,0.16556939356182637,0.8561016194080865,0.49998521225476006,0.6122137404580152,0.05060826315186279
ExtraTrees,A,0.1754479119162329,0.008596280763682324,0.16599664122137406,0.8592744168876442,0.503398501908397,0.6083969465648855,0.04230152671755719
