scope,features,window,days,model,n_train,rps,rps_lo,rps_hi,hpo_degenerate,tuning_fits,params
onestep,best,1mo,30,CatBoost,57,0.18248657732205645,0.18156402138747468,0.1834091332566382,true,0,"{""depth"": 3, ""l2_leaf_reg"": 10.0, ""iterations"": 200, ""learning_rate"": 0.05}"
onestep,best,6mo,182,CatBoost,628,0.1721395275737082,0.17169393682458806,0.17258511832282836,false,30,"{""iterations"": 400, ""depth"": 3, ""learning_rate"": 0.01699897838270077, ""l2_leaf_reg"": 1.1430983876313219}"
onestep,best,1y,365,CatBoost,1115,0.17099849688928326,0.1705531178631044,0.17144387591546212,false,30,"{""iterations"": 400, ""depth"": 3, ""learning_rate"": 0.01699897838270077, ""l2_leaf_reg"": 1.1430983876313219}"
onestep,best,2y,730,CatBoost,1462,0.17114053334892532,0.17077043091659552,0.1715106357812551,false,30,"{""iterations"": 400, ""depth"": 3, ""learning_rate"": 0.01699897838270077, ""l2_leaf_reg"": 1.1430983876313219}"
onestep,best,5y,1826,CatBoost,4464,0.16919746093311674,0.16897054549556154,0.16942437637067195,false,30,"{""iterations"": 400, ""depth"": 3, ""learning_rate"": 0.01699897838270077, ""l2_leaf_reg"": 1.1430983876313219}"
onestep,best,8y,2922,CatBoost,7279,0.1680748644757952,0.16764686284109448,0.16850286611049592,false,30,"{""iterations"": 800, ""depth"": 4, ""learning_rate"": 0.02516607127550297, ""l2_leaf_reg"": 6.741204610702761}"
onestep,best,1mo,30,LogReg,57,0.18187194010679472,0.18187194010679472,0.18187194010679472,true,0,"{""C"": 0.01, ""penalty"": ""l2"", ""max_iter"": 2000}"
onestep,best,6mo,182,LogReg,628,0.16968947302598805,0.16968743647719714,0.16969150957477896,false,36,"{""C"": 0.1, ""penalty"": ""l1"", ""max_iter"": 2000}"
onestep,best,1y,365,LogReg,1115,0.1710329077916421,0.1710313606896853,0.1710344548935989,false,36,"{""C"": 0.1, ""penalty"": ""l1"", ""max_iter"": 2000}"
onestep,best,2y,730,LogReg,1462,0.17595653849475695,0.17595653849475695,0.17595653849475695,false,36,"{""C"": 0.1, ""penalty"": ""l1"", ""max_iter"": 2000}"
onestep,best,5y,1826,LogReg,4464,0.16876050515286364,0.16876050515286364,0.16876050515286364,false,36,"{""C"": 0.1, ""penalty"": ""l1"", ""max_iter"": 2000}"
onestep,best,8y,2922,LogReg,7279,0.1681764716180201,0.16817054506172044,0.16818239817431976,false,36,"{""C"": 0.1, ""penalty"": ""l1"", ""max_iter"": 2000}"
onestep,best,1mo,30,TabICL,57,0.18207060696683056,0.18207060696683056,0.18207060696683056,false,0,{}
onestep,best,6mo,182,TabICL,628,0.16889656436183614,0.16889656436183614,0.16889656436183614,false,0,{}
onestep,best,1y,365,TabICL,1115,0.16883727585095837,0.16883727585095837,0.16883727585095837,false,0,{}
onestep,best,2y,730,TabICL,1462,0.1690001271580063,0.1690001271580063,0.1690001271580063,false,0,{}
onestep,best,5y,1826,TabICL,4464,0.16795021802596194,0.16795021802596194,0.16795021802596194,false,0,{}
onestep,best,8y,2922,TabICL,7279,0.1677761784540241,0.1677761784540241,0.1677761784540241,false,0,{}
onestep,best,1mo,30,TabPFN,57,0.17081475660965012,0.17081475660965012,0.17081475660965012,false,0,{}
onestep,best,6mo,182,TabPFN,628,0.16844153130369427,0.16844153130369427,0.16844153130369427,false,0,{}
onestep,best,1y,365,TabPFN,1115,0.1690900162926273,0.1690900162926273,0.1690900162926273,false,0,{}
onestep,best,2y,730,TabPFN,1462,0.16906336417610174,0.16906336417610174,0.16906336417610174,false,0,{}
onestep,best,5y,1826,TabPFN,4464,0.16754016466554833,0.16754016466554833,0.16754016466554833,false,0,{}
onestep,best,8y,2922,TabPFN,7279,0.16789488712949974,0.16789488712949974,0.16789488712949974,false,0,{}
onestep,best,1mo,30,XGBoost,57,0.18489956709951488,0.1845719326516307,0.18522720154739908,true,0,"{""max_depth"": 2, ""reg_lambda"": 10.0, ""n_estimators"": 200, ""learning_rate"": 0.05, ""min_child_weight"": 5, ""subsample"": 0.8}"
onestep,best,6mo,182,XGBoost,628,0.17272023820485718,0.17232347198564252,0.17311700442407185,false,30,"{""n_estimators"": 400, ""max_depth"": 2, ""learning_rate"": 0.01699897838270077, ""min_child_weight"": 1, ""reg_lambda"": 5.3994844097874335, ""subsample"": 0.8404460046972835}"
onestep,best,1y,365,XGBoost,1115,0.17275077664509833,0.17251337857309984,0.17298817471709682,false,30,"{""n_estimators"": 400, ""max_depth"": 2, ""learning_rate"": 0.01699897838270077, ""min_child_weight"": 1, ""reg_lambda"": 5.3994844097874335, ""subsample"": 0.8404460046972835}"
onestep,best,2y,730,XGBoost,1462,0.1715237523488368,0.1712297753664643,0.17181772933120928,false,30,"{""n_estimators"": 400, ""max_depth"": 2, ""learning_rate"": 0.01699897838270077, ""min_child_weight"": 1, ""reg_lambda"": 5.3994844097874335, ""subsample"": 0.8404460046972835}"
onestep,best,5y,1826,XGBoost,4464,0.16895724301737133,0.16878871901859782,0.16912576701614485,false,30,"{""n_estimators"": 400, ""max_depth"": 2, ""learning_rate"": 0.01699897838270077, ""min_child_weight"": 1, ""reg_lambda"": 5.3994844097874335, ""subsample"": 0.8404460046972835}"
onestep,best,8y,2922,XGBoost,7279,0.1688972159080914,0.16878763800465918,0.16900679381152361,false,30,"{""n_estimators"": 400, ""max_depth"": 2, ""learning_rate"": 0.01699897838270077, ""min_child_weight"": 1, ""reg_lambda"": 5.3994844097874335, ""subsample"": 0.8404460046972835}"
onestep,few,1mo,30,CatBoost,57,0.18177036504533617,0.18138725169494876,0.18215347839572357,true,0,"{""depth"": 3, ""l2_leaf_reg"": 10.0, ""iterations"": 200, ""learning_rate"": 0.05}"
onestep,few,6mo,182,CatBoost,628,0.17168948172268766,0.17116612615588223,0.1722128372894931,false,30,"{""iterations"": 400, ""depth"": 3, ""learning_rate"": 0.01699897838270077, ""l2_leaf_reg"": 1.1430983876313219}"
onestep,few,1y,365,CatBoost,1115,0.1708070510379515,0.17039248328127143,0.17122161879463155,false,30,"{""iterations"": 400, ""depth"": 3, ""learning_rate"": 0.01699897838270077, ""l2_leaf_reg"": 1.1430983876313219}"
onestep,few,2y,730,CatBoost,1462,0.17058682046376838,0.17029379278069873,0.17087984814683804,false,30,"{""iterations"": 400, ""depth"": 3, ""learning_rate"": 0.01699897838270077, ""l2_leaf_reg"": 1.1430983876313219}"
onestep,few,5y,1826,CatBoost,4464,0.16988282013192052,0.16970997619518619,0.17005566406865485,false,30,"{""iterations"": 400, ""depth"": 3, ""learning_rate"": 0.01699897838270077, ""l2_leaf_reg"": 1.1430983876313219}"
onestep,few,8y,2922,CatBoost,7279,0.16948389006526948,0.16921705827769354,0.16975072185284543,false,30,"{""iterations"": 400, ""depth"": 3, ""learning_rate"": 0.01699897838270077, ""l2_leaf_reg"": 1.1430983876313219}"
onestep,few,1mo,30,LogReg,57,0.17816464173781432,0.17816464173781432,0.17816464173781432,true,0,"{""C"": 0.01, ""penalty"": ""l2"", ""max_iter"": 2000}"
onestep,few,6mo,182,LogReg,628,0.1710152425747008,0.1710152425747008,0.1710152425747008,false,36,"{""C"": 1, ""penalty"": ""l1"", ""max_iter"": 2000}"
onestep,few,1y,365,LogReg,1115,0.17039650933691106,0.1703949531314612,0.17039806554236092,false,36,"{""C"": 1, ""penalty"": ""l1"", ""max_iter"": 2000}"
onestep,few,2y,730,LogReg,1462,0.17020461891319444,0.17017121611691557,0.1702380217094733,false,36,"{""C"": 1, ""penalty"": ""l1"", ""max_iter"": 2000}"
onestep,few,5y,1826,LogReg,4464,0.16961375841846676,0.1696022231953391,0.16962529364159443,false,36,"{""C"": 0.1, ""penalty"": ""l1"", ""max_iter"": 2000}"
onestep,few,8y,2922,LogReg,7279,0.16948212991931655,0.16948212991931655,0.16948212991931655,false,36,"{""C"": 0.1, ""penalty"": ""l1"", ""max_iter"": 2000}"
onestep,few,1mo,30,TabICL,57,0.1807286744804784,0.1807286744804784,0.1807286744804784,false,0,{}
onestep,few,6mo,182,TabICL,628,0.17030922065820644,0.17030922065820644,0.17030922065820644,false,0,{}
onestep,few,1y,365,TabICL,1115,0.1696499227876308,0.1696499227876308,0.1696499227876308,false,0,{}
onestep,few,2y,730,TabICL,1462,0.16985109055189948,0.16985109055189948,0.16985109055189948,false,0,{}
onestep,few,5y,1826,TabICL,4464,0.16940125111794893,0.16940125111794893,0.16940125111794893,false,0,{}
onestep,few,8y,2922,TabICL,7279,0.16915114414282884,0.16915114414282884,0.16915114414282884,false,0,{}
onestep,few,1mo,30,TabPFN,57,0.1700871421400036,0.1700871421400036,0.1700871421400036,false,0,{}
onestep,few,6mo,182,TabPFN,628,0.16998062913222708,0.16998062913222708,0.16998062913222708,false,0,{}
onestep,few,1y,365,TabPFN,1115,0.169621100667453,0.169621100667453,0.169621100667453,false,0,{}
onestep,few,2y,730,TabPFN,1462,0.1699396363200269,0.1699396363200269,0.1699396363200269,false,0,{}
onestep,few,5y,1826,TabPFN,4464,0.16962256706904685,0.16962256706904685,0.16962256706904685,false,0,{}
onestep,few,8y,2922,TabPFN,7279,0.16953275627322745,0.16953275627322745,0.16953275627322745,false,0,{}
onestep,few,1mo,30,XGBoost,57,0.18661480630506497,0.1861047145082596,0.18712489810187033,true,0,"{""max_depth"": 2, ""reg_lambda"": 10.0, ""n_estimators"": 200, ""learning_rate"": 0.05, ""min_child_weight"": 5, ""subsample"": 0.8}"
onestep,few,6mo,182,XGBoost,628,0.17177527760847439,0.17163051164173487,0.1719200435752139,false,30,"{""n_estimators"": 400, ""max_depth"": 2, ""learning_rate"": 0.01699897838270077, ""min_child_weight"": 1, ""reg_lambda"": 5.3994844097874335, ""subsample"": 0.8404460046972835}"
onestep,few,1y,365,XGBoost,1115,0.17119583857159199,0.17093056647299515,0.17146111067018882,false,30,"{""n_estimators"": 400, ""max_depth"": 2, ""learning_rate"": 0.01699897838270077, ""min_child_weight"": 1, ""reg_lambda"": 5.3994844097874335, ""subsample"": 0.8404460046972835}"
onestep,few,2y,730,XGBoost,1462,0.1707374937652551,0.17051893605980178,0.17095605147070841,false,30,"{""n_estimators"": 400, ""max_depth"": 2, ""learning_rate"": 0.01699897838270077, ""min_child_weight"": 1, ""reg_lambda"": 5.3994844097874335, ""subsample"": 0.8404460046972835}"
onestep,few,5y,1826,XGBoost,4464,0.16994926063660545,0.16980692964054528,0.17009159163266563,false,30,"{""n_estimators"": 400, ""max_depth"": 2, ""learning_rate"": 0.01699897838270077, ""min_child_weight"": 1, ""reg_lambda"": 5.3994844097874335, ""subsample"": 0.8404460046972835}"
onestep,few,8y,2922,XGBoost,7279,0.16930007651400564,0.16918453029835948,0.1694156227296518,false,30,"{""n_estimators"": 400, ""max_depth"": 2, ""learning_rate"": 0.01699897838270077, ""min_child_weight"": 1, ""reg_lambda"": 5.3994844097874335, ""subsample"": 0.8404460046972835}"
