match_id,idx,date,group,CatBoost,LogReg,TabICL,TabPFN,XGBoost
4335728659687827533,0,2010-06-11,2010,0,0,0,0,0
5004069083353223096,1,2010-06-11,2010,0,0,0,0,0
4443975615229048769,2,2010-06-12,2010,0,0,0,0,0
7333034400375712415,3,2010-06-12,2010,1,1,1,1,1
17787821113489877485,4,2010-06-12,2010,2,2,2,2,2
4639011573437299099,5,2010-06-13,2010,3,3,3,3,3
4956472773174540573,6,2010-06-13,2010,4,3,4,4,3
8764204548371657396,7,2010-06-13,2010,4,3,4,4,3
99219935749181282,8,2010-06-14,2010,5,4,5,5,4
10236767257498719074,9,2010-06-14,2010,5,4,5,5,4
13027781475407703424,10,2010-06-14,2010,6,5,5,6,5
1392397553629816529,11,2010-06-15,2010,7,6,6,7,6
7592734205230079943,12,2010-06-15,2010,7,6,6,7,6
13114750916984498763,13,2010-06-15,2010,7,6,6,7,6
5433428195629414698,14,2010-06-16,2010,8,7,7,8,7
10623077047262496031,15,2010-06-16,2010,9,7,8,9,7
10826634240750028286,16,2010-06-16,2010,9,7,8,9,7
6378249077235989859,17,2010-06-17,2010,10,7,9,10,8
7215848037897480166,18,2010-06-17,2010,11,8,10,11,9
15305461681290187791,19,2010-06-17,2010,11,9,10,11,9
1899510903279890049,20,2010-06-18,2010,11,9,10,11,9
10568629105513079829,21,2010-06-18,2010,11,9,10,11,9
10653451305573830437,22,2010-06-18,2010,11,9,10,11,9
703675572908395079,23,2010-06-19,2010,12,10,11,12,10
2222668324703052923,24,2010-06-19,2010,12,10,11,12,10
16505441804687043157,25,2010-06-19,2010,12,11,12,13,10
2452849882655274556,26,2010-06-20,2010,12,11,12,13,10
3463248195428472989,27,2010-06-20,2010,13,12,13,14,11
13280759573801445576,28,2010-06-20,2010,14,13,14,15,12
9245040507643088639,29,2010-06-21,2010,15,14,15,16,13
13247369252809740845,30,2010-06-21,2010,16,15,16,17,14
17257139629900262524,31,2010-06-21,2010,17,16,17,18,15
505567830516802713,32,2010-06-22,2010,17,16,17,18,16
3553714501965745317,33,2010-06-22,2010,17,16,17,18,16
5179226985854465910,34,2010-06-22,2010,18,17,18,19,17
14156442739313786395,35,2010-06-22,2010,18,17,18,19,17
6176137313639737569,36,2010-06-23,2010,18,17,18,19,17
9335941424114658526,37,2010-06-23,2010,19,18,19,20,18
12044919418616816678,38,2010-06-23,2010,20,19,20,21,19
15394768973970241134,39,2010-06-23,2010,21,20,21,22,20
1741465357418466616,40,2010-06-24,2010,22,21,22,23,20
4597178126062779668,41,2010-06-24,2010,22,21,22,23,20
14288404254668607534,42,2010-06-24,2010,22,21,22,23,20
15895514783711402326,43,2010-06-24,2010,22,21,22,23,20
1637869883239846141,44,2010-06-25,2010,23,22,23,24,21
4755962440297080303,45,2010-06-25,2010,24,23,24,25,22
13538990011694522521,46,2010-06-25,2010,24,23,24,25,22
15756467588420877364,47,2010-06-25,2010,24,23,24,25,22
9535540800999830567,48,2010-06-26,2010,25,24,25,26,23
16860663394720182307,49,2010-06-26,2010,25,25,25,26,23
2099470824961156787,50,2010-06-27,2010,25,25,26,26,24
17803559571440869184,51,2010-06-27,2010,25,25,26,26,24
6247512220894630969,52,2010-06-28,2010,26,26,27,27,25
17963046216309402622,53,2010-06-28,2010,27,27,28,28,26
1538263094007133385,54,2010-06-29,2010,27,27,28,28,26
11611511810400910774,55,2010-06-29,2010,28,28,29,29,27
195967802837169248,56,2010-07-02,2010,28,28,29,29,27
9817202044112377186,57,2010-07-02,2010,28,28,29,29,27
491840967920478249,58,2010-07-03,2010,29,29,30,30,28
3996463509818392142,59,2010-07-03,2010,30,30,31,31,29
13296827318106917318,60,2010-07-06,2010,31,31,32,32,30
6497175287415289712,61,2010-07-07,2010,32,32,33,33,30
14158031425937775993,62,2010-07-10,2010,33,33,34,34,31
9395902811258985736,63,2010-07-11,2010,34,34,35,35,32
6709302925063991758,64,2014-06-12,2014,35,35,36,36,33
3546714541779330778,65,2014-06-13,2014,36,36,37,37,34
8265869494597280356,66,2014-06-13,2014,36,36,37,37,34
18127361299791870223,67,2014-06-13,2014,37,37,38,38,34
246072904144027248,68,2014-06-14,2014,37,37,38,38,34
1350827756477713401,69,2014-06-14,2014,38,38,39,39,35
12180897280790710124,70,2014-06-14,2014,38,39,40,40,35
15099574446030402533,71,2014-06-14,2014,39,39,40,40,35
3305759502222199528,72,2014-06-15,2014,40,40,41,41,36
3946543127582750434,73,2014-06-15,2014,41,41,42,42,37
8751163092824285340,74,2014-06-15,2014,42,42,42,42,38
11524784485013952039,75,2014-06-16,2014,43,43,43,43,39
15874533006366359501,76,2014-06-16,2014,44,43,44,44,39
18183921837838676462,77,2014-06-16,2014,44,43,44,44,39
11655466325575429481,78,2014-06-17,2014,45,44,45,45,40
11767599268724286930,79,2014-06-17,2014,45,44,45,45,40
12066760904453117042,80,2014-06-17,2014,45,44,45,45,40
6320342370643457738,81,2014-06-18,2014,46,45,46,46,41
13521393563028034258,82,2014-06-18,2014,47,46,47,47,42
15190216132437206115,83,2014-06-18,2014,47,46,47,47,42
1019876979393413447,84,2014-06-19,2014,48,47,48,48,43
12719318483804186639,85,2014-06-19,2014,48,47,48,48,43
14702923807644513708,86,2014-06-19,2014,48,48,48,48,44
9007488615235415066,87,2014-06-20,2014,49,49,49,49,44
10595393971737121480,88,2014-06-20,2014,49,49,49,49,44
11556829444923034851,89,2014-06-20,2014,50,50,50,50,45
7358029124865840077,90,2014-06-21,2014,50,51,51,51,45
10285767725572470728,91,2014-06-21,2014,51,52,52,52,46
15978390544164956023,92,2014-06-21,2014,51,52,52,52,46
9345671492825056083,93,2014-06-22,2014,51,52,52,52,46
13762598406855575417,94,2014-06-22,2014,51,52,52,52,46
16373902360752100070,95,2014-06-22,2014,51,53,53,53,47
98341661018866949,96,2014-06-23,2014,52,53,54,54,47
4995408147420084256,97,2014-06-23,2014,53,54,55,55,48
9933279655445938154,98,2014-06-23,2014,53,54,56,56,49
15102704913662420925,99,2014-06-23,2014,54,55,57,57,50
1387488360674991449,100,2014-06-24,2014,54,55,57,57,51
7929109325329197205,101,2014-06-24,2014,55,56,58,58,51
12441041041381455306,102,2014-06-24,2014,55,56,58,58,51
13900545514452787182,103,2014-06-24,2014,56,57,59,59,52
5256423519024241464,104,2014-06-25,2014,57,58,60,60,53
8488124439724855808,105,2014-06-25,2014,57,58,60,60,54
12116236231357966021,106,2014-06-25,2014,57,58,60,60,54
14064112008038524247,107,2014-06-25,2014,58,59,61,61,55
225196439212027427,108,2014-06-26,2014,58,59,61,61,55
9292706457951747502,109,2014-06-26,2014,59,60,62,62,56
16557351665604557159,110,2014-06-26,2014,60,61,63,63,57
17629543554381911614,111,2014-06-26,2014,61,62,64,64,58
15316813352796647393,112,2014-06-28,2014,61,62,64,64,58
16495477053285367892,113,2014-06-28,2014,61,63,65,65,59
4703913023550092424,114,2014-06-29,2014,61,63,65,65,59
11935727814668519952,115,2014-06-29,2014,62,64,66,66,60
2737213480583239538,116,2014-06-30,2014,63,65,67,67,60
16063686065967748009,117,2014-06-30,2014,64,66,68,68,61
690639297353254015,118,2014-07-01,2014,65,67,69,69,62
9593873663249923557,119,2014-07-01,2014,66,67,70,70,63
4135585690698772006,120,2014-07-04,2014,67,68,71,71,63
16526847480221612249,121,2014-07-04,2014,68,69,72,72,64
8173225685226473587,122,2014-07-05,2014,68,69,72,72,64
14568855365087515510,123,2014-07-05,2014,69,70,73,73,65
16001595754491297153,124,2014-07-08,2014,69,70,73,73,65
11147518320528548224,125,2014-07-09,2014,69,70,73,73,65
974192392487895520,126,2014-07-12,2014,69,70,73,73,66
3886291340119348620,127,2014-07-13,2014,70,71,74,74,67
6709225351976850388,128,2018-06-14,2018,71,72,75,75,68
2249875537591701005,129,2018-06-15,2018,72,73,76,76,69
7529982144521095168,130,2018-06-15,2018,73,74,77,77,70
7855492386403475704,131,2018-06-15,2018,74,74,77,77,70
96170807608779625,132,2018-06-16,2018,74,74,77,77,70
3435278836694859584,133,2018-06-16,2018,75,75,78,78,71
4707772670250304546,134,2018-06-16,2018,75,75,78,78,71
11811607556248665017,135,2018-06-16,2018,76,76,79,79,72
3602875940165783295,136,2018-06-17,2018,76,76,79,79,72
3908588627440662877,137,2018-06-17,2018,76,76,79,79,72
6074970678823857357,138,2018-06-17,2018,76,76,79,79,72
3411664067268017891,139,2018-06-18,2018,77,77,80,80,73
4502015223907428378,140,2018-06-18,2018,78,78,81,81,74
17894194311680246873,141,2018-06-18,2018,79,79,82,82,75
6868571328288330320,142,2018-06-19,2018,79,79,82,82,75
10193325623640451683,143,2018-06-19,2018,79,79,82,82,75
14278744413580520317,144,2018-06-19,2018,80,80,83,83,76
2165486522299489501,145,2018-06-20,2018,81,81,84,84,77
4454118529585826635,146,2018-06-20,2018,82,82,85,85,78
11070922826946334933,147,2018-06-20,2018,83,83,86,86,79
5959630725616499605,148,2018-06-21,2018,83,83,86,86,79
14841245863871936200,149,2018-06-21,2018,84,83,86,86,80
16766304623055001312,150,2018-06-21,2018,84,83,86,86,80
8162808194830181043,151,2018-06-22,2018,85,84,87,87,81
13072435527122753656,152,2018-06-22,2018,85,84,87,87,81
14337140953001893685,153,2018-06-22,2018,86,85,88,88,82
3461523531703313309,154,2018-06-23,2018,87,86,89,89,83
11709435519970472536,155,2018-06-23,2018,88,87,90,90,84
15696199778189608735,156,2018-06-23,2018,89,88,91,91,85
3911076258877935973,157,2018-06-24,2018,90,89,92,92,86
8014837152567419317,158,2018-06-24,2018,90,89,92,92,86
12106291665450235678,159,2018-06-24,2018,91,90,93,93,87
5474317468424240280,160,2018-06-25,2018,91,90,93,93,87
6841360796043661704,161,2018-06-25,2018,92,90,94,94,88
13291254084595823485,162,2018-06-25,2018,92,90,94,94,88
15493934267109180923,163,2018-06-25,2018,92,90,94,94,88
15046006482841990950,164,2018-06-26,2018,92,90,95,94,88
17202545507507691615,165,2018-06-26,2018,93,91,96,95,89
17807499443815652481,166,2018-06-26,2018,94,92,97,96,90
18133146025672512257,167,2018-06-26,2018,95,93,98,97,91
8058730789291304141,168,2018-06-27,2018,95,93,98,97,91
10455252369269818144,169,2018-06-27,2018,95,93,98,97,91
14535078853486133174,170,2018-06-27,2018,95,93,98,97,91
15487213286872049630,171,2018-06-27,2018,96,94,99,98,92
94219428727544167,172,2018-06-28,2018,96,94,99,98,92
951859143905163913,173,2018-06-28,2018,97,95,99,98,93
3620346409021148746,174,2018-06-28,2018,97,96,100,99,93
6355550581530960855,175,2018-06-28,2018,98,97,101,100,94
2612042219242119405,176,2018-06-30,2018,98,98,102,101,95
8176257880158385690,177,2018-06-30,2018,99,99,102,101,96
1949085366469912040,178,2018-07-01,2018,99,99,102,101,96
5205941219837405055,179,2018-07-01,2018,99,99,102,101,96
4179958789680273286,180,2018-07-02,2018,100,100,103,102,97
10892573095758514315,181,2018-07-02,2018,101,101,104,103,98
3859230418838010671,182,2018-07-03,2018,101,101,105,104,98
16115405914000619951,183,2018-07-03,2018,102,102,105,104,98
4240962468191709433,184,2018-07-06,2018,102,102,105,104,98
5945560448642709144,185,2018-07-06,2018,103,102,105,105,99
3183265399611981125,186,2018-07-07,2018,104,102,105,105,100
7251540730478310876,187,2018-07-07,2018,104,102,105,105,100
14403510487867683215,188,2018-07-10,2018,105,103,105,105,101
6593515145588556744,189,2018-07-11,2018,105,103,105,105,101
9929767569144159641,190,2018-07-14,2018,106,104,106,106,102
17054503670342741414,191,2018-07-15,2018,107,105,107,107,103
12313983904546289915,192,2022-11-20,2022,107,106,108,108,104
947013688274350246,193,2022-11-21,2022,107,106,108,108,104
10041875714553310513,194,2022-11-21,2022,108,107,109,109,105
17914123718527898963,195,2022-11-21,2022,109,108,110,110,106
9322613678129660731,196,2022-11-22,2022,109,108,110,110,106
11131217406281639667,197,2022-11-22,2022,110,109,111,111,107
15374927332962094786,198,2022-11-22,2022,110,109,111,111,107
17000603512991293574,199,2022-11-22,2022,110,109,111,111,107
5010096176501325921,200,2022-11-23,2022,111,110,112,112,108
6186870578327553113,201,2022-11-23,2022,111,110,112,112,108
8851351585820734568,202,2022-11-23,2022,111,110,112,112,109
14069309050322015057,203,2022-11-23,2022,112,111,113,113,110
6659789960987635220,204,2022-11-24,2022,113,112,114,114,111
11437167839654356998,205,2022-11-24,2022,114,113,115,115,112
14120333958444602958,206,2022-11-24,2022,115,114,116,116,113
14558867464890523887,207,2022-11-24,2022,115,114,116,116,113
3639685342160311406,208,2022-11-25,2022,115,114,116,116,113
5282713118790341372,209,2022-11-25,2022,115,114,116,116,114
9210304720175019999,210,2022-11-25,2022,115,115,116,116,115
12851884821291445858,211,2022-11-25,2022,115,115,116,116,115
3575653601141932996,212,2022-11-26,2022,116,116,117,117,116
7160726298483232975,213,2022-11-26,2022,117,117,118,118,117
7892103314997822957,214,2022-11-26,2022,118,117,119,119,118
17613131729149736633,215,2022-11-26,2022,118,117,119,119,118
5090165844063688459,216,2022-11-27,2022,119,117,120,120,119
11181742008942790615,217,2022-11-27,2022,119,117,120,120,119
13555059606219979218,218,2022-11-27,2022,119,117,120,120,119
14613685471608995498,219,2022-11-27,2022,119,117,120,120,119
5820980379383221008,220,2022-11-28,2022,119,117,120,120,119
11005768557925528088,221,2022-11-28,2022,119,117,120,120,119
16090633377094512391,222,2022-11-28,2022,120,117,121,121,120
16263812444698753559,223,2022-11-28,2022,121,118,122,122,121
2028248107145225551,224,2022-11-29,2022,122,119,123,123,122
4143984452432231528,225,2022-11-29,2022,123,120,124,124,123
4195893192933493068,226,2022-11-29,2022,123,120,124,124,123
18314798345840431246,227,2022-11-29,2022,124,121,125,125,124
2201342905156802332,228,2022-11-30,2022,125,122,126,126,125
8542965813088261996,229,2022-11-30,2022,126,123,127,127,126
12169093920682515917,230,2022-11-30,2022,126,123,127,127,126
13231967860591381072,231,2022-11-30,2022,126,123,127,127,126
751092759458698725,232,2022-12-01,2022,127,124,128,128,127
12976038476001865039,233,2022-12-01,2022,127,124,128,128,127
16420475541131423317,234,2022-12-01,2022,127,124,128,128,127
18357987735741372450,235,2022-12-01,2022,128,125,129,129,128
307074641316928317,236,2022-12-02,2022,128,125,129,129,128
10828797882845402956,237,2022-12-02,2022,129,126,130,130,129
17096150324569606738,238,2022-12-02,2022,130,127,131,131,130
17348267836100167690,239,2022-12-02,2022,130,127,131,131,130
12250334125438496440,240,2022-12-03,2022,131,128,132,132,131
16853006680660898014,241,2022-12-03,2022,132,129,133,133,132
5125734279295388406,242,2022-12-04,2022,133,130,134,134,133
17724052447356404899,243,2022-12-04,2022,134,131,135,135,134
843091743076568535,244,2022-12-05,2022,134,131,135,135,134
3364006492088040421,245,2022-12-05,2022,135,132,136,136,135
4695805924333167752,246,2022-12-06,2022,136,133,137,137,136
17069821641169163334,247,2022-12-06,2022,136,133,137,137,136
9636756677834513826,248,2022-12-09,2022,136,133,137,137,136
15240237945455615831,249,2022-12-09,2022,136,133,137,137,136
8958268172510218756,250,2022-12-10,2022,137,133,137,137,136
13724199158384814932,251,2022-12-10,2022,137,133,137,137,136
18368746717176204697,252,2022-12-13,2022,138,134,138,138,137
11307242398340358172,253,2022-12-14,2022,139,135,139,139,137
7684630583718876310,254,2022-12-17,2022,140,136,140,140,138
10977681263242490304,255,2022-12-18,2022,140,136,140,140,138
